32 in 1,-,CX-26163,,1988,"Educational; Sports","A multi-genre cartridge. It is a PAL-only release and is compatible with the Atari 7800.[4] 32 games are included; including games by Atari; Inc.; Activision; CommaVid; and U.S. Games."
3-D Tic-Tac-Toe,3-D Tic-Tac-Toe,CX-2618,Carol Shaw,1978,Strategy,
Adventure,Adventure,CX-2613,Warren Robinett,1979,"Adventure; Action-RPG","Contains first well-known Easter egg; containing the designer's name."
Air-Sea Battle,Target Fun,CX-2602,Larry Kaplan,1977,Action,One of the nine Atari 2600 launch games.
Alpha Beam with Ernie,-,CX-26103,"Michael Callahan (programmer); Preston Stuart (graphics)",1983,Educational,Co-developed by Children's Computer Workshop  
Asterix,-,CX-2696,Steve Woita,1983,Action,Primarily a PAL release. Same game as Taz but with altered graphics.
Asteroids,Asteroids,CX-2649,Brad Stewart,1981,Action,
Atari Video Cube,-,CX-2670,,1983,Strategy,Originally released as mail-order through Atari Club.
Backgammon,Backgammon,CX-2617,Craig Nelson,1979,Strategy,
Basic Math AKA Fun With Numbers,Math,CX-2661,Gary Palmer,1977,Educational,One of the nine Atari 2600 launch games
BASIC Programming,-,CX-2620,Warren Robinett,1979,Educational,
Basketball,Basketball,CX-2624,Alan Miller,1978,Sports,
Battlezone,-,CX-2681,Mike Feinstein and Brad Rice,1983,"Action; Simulation",
Berzerk,Berzerk,CX-2650,Dan Hitchens,1982,Action,Licensed by Stern Electronics
Big Bird's Egg Catch,-,CX-26104,Christopher Omarzu,1983,"Educational; Strategy",Co-developed by Children's Computer Workshop
Blackjack,Blackjack,CX-2651,Bob Whitehead,1977,Simulation,One of the nine Atari 2600 launch games
Bowling,Bowling,CX-2628,Larry Kaplan,1979,Sports,
Brain Games,Brain Games,CX-2664,Larry Kaplan,1978,"Educational; Strategy",
Breakout,Breakaway IV,CX-2622,Brad Stewart,1978,Action,
Canyon Bomber,Canyon Bomber,CX-2607,David Crane,1979,Action,
Casino,Poker Plus,CX-2652,Bob Whitehead,1978,Strategy,
Centipede,-,CX-2676,,1983,Action,
Circus Atari,Circus,CX-2630,Michael Lorenzen,1980,Action,
Codebreaker,Codebreaker,CX-2643,Unknown,1978,Strategy,
Combat,Tank Plus,CX-2601,"Larry Wagner; Joe Decuir",1977,Action,One of the nine Atari 2600 launch games
A Game of Concentration,Memory Match,CX-2642,Jim Huether,1978,Traditional,Re-release of Hunt & Score
Cookie Monster Munch,-,CX-26102,Gary Stark,1983,Educational,Co-developed by Children's Computer Workshop.
Crazy Climber,-,CX-2683,Alex Leavens,1983,Action,Licensed by Nihon Bussan Co. Mail-order exclusive through Atari Club.
Crossbow,-,CX-26139,,1987,Action,Licensed by Exidy
Crystal Castles,-,CX-26110,"Peter C. Niday (programmer); Robert Vieira (sound); Michael Kosaka (graphics)",1984,Action,
Dark Chambers,-,CX-26151,John Palevich,1988,Action,
Defender,Defender,CX-2609,Bob Polaro,1982,Action,Licensed by Williams Electronics
Defender II,-,CX-26120,"Bill Aspromonte (programmer); Andrew Fuchs (sound)",1988,Action,Re-release of Stargate
Demons to Diamonds,Demons to Diamonds,CX-2615,Nick Turner,1982,Action,
Desert Falcon,-,CX-26140,Bob Polaro,1987,Action,
Dig Dug,-,CX-2677,,1983,Action,Licensed by Namco
Dodge 'Em,Dodger Cars,CX-2637,Carla Meninsky,1980,"Action; Racing",
Donald Duck's Speedboat,-,CX-26108,Suki Lee,1983,Action,Only released in Brazil
Double Dunk,-,CX-26159,Matthew Hubbard,1989,Sports,
E.T. the Extra-Terrestrial,-,CX-2674,Howard Scott Warshaw,1982,Adventure,Considered the worst video game of all time and cause of the “video game crash of 1983”
Fatal Run,-,CX-26162,Steve Aguirre,1990,"Action; Racing / Driving",PAL-only release; developed by Sculptured Software
Flag Capture,Capture,CX-2644,Jim Huether,1978,Strategy,
Football,Football,CX-2625,Bob Whitehead,1978,Sports,
Galaxian,-,CX-2684,"Mark Ackerman; Glen Parker and Tom Calderwood",1983,Action,Licensed by Namco
Golf,Golf,CX-2634,Michael Lorenzen,1980,Sports,
Gravitar,-,CX-2685,,1983,Action,
Gremlins,-,CX-26127,"Scott Smith (programmer); Mimi Nyden (graphics); Robert Vieira (sound)",1984,Action,
Hangman,Spelling,CX-2662,Alan Miller,1978,Strategy,
Haunted House,Haunted House,CX-2654,James Andreasen,1982,"Action; Adventure",
Home Run,Baseball,CX-2623,Bob Whitehead,1978,Sports,
Human Cannonball,Cannon Man,CX-2627,Unknown,1978,Strategy,Based on an unreleased arcade concept by Owen Rubin
Hunt & Score (see Concentration),-,CX-2642,Jim Huether,1978,Strategy,
Ikari Warriors,-,CX-26177,,1989,Action,Licensed by SNK
Indy 500,Race,CX-2611,Ed Riddle,1977,Racing,One of the nine Atari 2600 launch games
Joust,-,CX-2691,Mike Feinstein and Kevin Osborn,1983,Action,Licensed by Williams Electronics
Jr. Pac-Man,-,CX-26123,Ava-Robin Cohen,1986,Action,Licensed by Bally Midway
Jungle Hunt,-,CX-2688,Mike Feinstein and John Allred,1983,Side-scrolling action,Licensed by Taito
Kangaroo,-,CX-2689,Kevin Osborn,1983,Action,Licensed by Sun Electronics
Klax,-,CX-26192,Steve DeFrisco,1990,"Action; Strategy",PAL-only. Last official game released for 2600.
Krull,-,CX-2682,Dave Staugas,1983,Action,
Mario Bros.,-,CX-2697,Dan Hitchens,1983,Action,Licensed by Nintendo
Math Gran Prix,Math Gran Prix,CX-2658,Suki Lee,1982,"Educational; Racing",
Maze Craze: A Game of Cops and Robbers,Maze Mania,CX-2635,Rick Maurer,1980,Action,
Midnight Magic,-,CX-26129,Glenn Axworthy,1986,Action,
Millipede,-,CX-26118,"Dave Staugas (programmer); Jerome Domurat (graphics); Andrew Fuchs (sound); Robert Vieira (sound)",1984,Fixed Shooter,
Miniature Golf,Arcade Golf[5],CX-2626,Tom Reuterdahl,1979,"Simulation; Sports; Strategy",
Missile Command,Missile Command,CX-2638,Rob Fulop,1981,Action,
Moon Patrol,-,CX-2692,,1983,Action,licensed by Irem
MotoRodeo,-,CX-26171,Steve DeFrisco,1990,"Racing / Driving; Sports",Developed by Axlon
Ms. Pac-Man,-,CX-2675,Mike Horowitz and Josh Littlefield,1983,Action,Licensed by Bally Midway[6]
Night Driver,Night Driver,CX-2633,Rob Fulop,1980,"Action; Racing / Driving",
Obelix,-,CX-26117,"Suki Lee (programmer); Dave Jolly (graphics); Jeff Gusman (sound); Andrew Fuchs (sound)",1983,Action,
Off the Wall,-,CX-26168,,1989,Action,
Oscar's Trash Race,-,CX-26101,"Christopher Omarzu (programmer); Preston Stuart (graphics)",1983,"Educational; Racing / Driving",Co-developed by Children's Computer Workshop
Othello,Othello,CX-2639,Ed Logg,1980,Strategy,
Outlaw,Gunslinger,CX-2605,David Crane,1978,Action,
Pac-Man,Pac-Man,CX-2646,Tod Frye,1982,Action,Licensed by Namco
Pelé's Soccer AKA Championship Soccer,Soccer,CX-2616,Steve Wright,1980,"Action; Sports",
Pengo,-,CX-2690,"Mark R. Hahn (programmer); Andrew Fuchs (sound); Jeff Gusman (sound); Courtney Granner (unknown)",1984,Action,"Licensed by Coreland; Sega"
Pepsi Invaders,-,CX-2632H,Christopher Omarzu,1983,Action,A special version of Space Invaders commissioned by Coca-Cola.
Phoenix,-,CX-2673,Mike Feinstein and John Mracek,1983,Action,Licensed by Amstar Electronics.
Pigs in Space,-,CX-26114,"Rob Zdybel (programmer); John Russell (programmer); Bill Aspromonte (programmer); Michael Sierchio (designer)",1983,Action,      
Pole Position,-,CX-2694,Doug Macrae and John Allred,1983,Racing / Driving,Licensed by Namco
Quadrun,-,CX-2686,Steve Woita,1983,Action,Mail-order exclusive through Atari Club.
Radar Lock,-,CX-26176,Doug Neubauer,1989,Action,
Raiders of the Lost Ark,-,CX-2659,Howard Scott Warshaw,1982,Adventure,
RealSports Baseball,-,CX-2640,Joseph Tung,1982,"Action; Sports",
RealSports Boxing,-,CX-26135,Alex DeMeo,1987,"Action; Sports",
RealSports Football,-,CX-2668,Robert Zdybel,1982,Sports,
RealSports Soccer,-,CX-2667,Michael Sierchio,1983,Sports,
RealSports Tennis,-,CX-2680,,1983,Sports,
RealSports Volleyball,-,CX-2666,"Bob Polaro (programmer); Alan Murphy (graphics)",1982,Sports,
Road Runner,-,CX-2663,Bob Polaro,1989,"Action; Racing / Driving",
Rubik's Cube,-,CX-2698,,1983,Strategy,Re-release of Atari Video Cube
Secret Quest,-,CX-26170,"Steve DeFrisco (programmer); Nolan Bushnell (designer)",1989,Adventure,Developed by Axlon.
Sentinel,-,CX-26183,David Lubar (programmer),1990,Action,
Sky Diver,Dare Diver,CX-2629,Jim Huether,1979,Action,
Slot Machine,Slots,CX-2653,David Crane,1979,Simulation,
Slot Racers,Maze,CX-2606,Warren Robinett,1978,Action,
Snoopy and the Red Baron,-,CX-26111,"Richard Dobbis (programmer); Sam Comstock (graphics)",1983,Action,
Solaris,-,CX-26136,Doug Neubauer,1986,Action,Originally released by mail-order through Atari Club.
Sorcerer's Apprentice,-,CX-26109,Peter C. Niday,1983,Action,
Space Invaders,Space Invaders,CX-2632,Rick Maurer,1980,Action,Licensed by Taito
Space War,Space Combat,CX-2604,Ian Shepard,1978,Action,
Sprint Master,-,CX-26155,Bob Polaro,1988,"Action; Racing / Driving",
Stargate,-,CX-26120,"Bill Aspromonte (programmer); Andrew Fuchs (sound)",1984,Action,Licensed by Williams Electronic Games
Star Raiders,Star Raiders,CX-2660,Carla Meninsky,1982,"Action; Strategy",
Star Ship,Outer Space,CX-2603,Bob Whitehead,1977,Action,One of the nine Atari 2600 launch games
Steeplechase,-,CX-2614,Jim Huether,1980,"Action; Sports",One of the three games Atari produced exclusively for Sears.
Stellar Track,-,CX-2619,Robert Zdybel,1980,"Simulation; Strategy",One of the three games Atari produced exclusively for Sears.
Street Racer,Speedway II,CX-2612,Larry Kaplan,1977,Racing / Driving,One of the nine Atari 2600 launch games
Submarine Commander,-,CX-2647,Matthew Hubbard,1982,Simulation,One of the three games Atari produced exclusively for Sears.
Super Baseball,-,CX-26152,,1988,"Action; Sports",
Super Breakout,Super Breakout,CX-2608,Nick Turner,1981,Action,
Super Football,-,CX-26154,Doug Neubauer,1988,Sports,
Superman,Superman,CX-2631,John Dunn,1979,"Action; Adventure",
Surround,Chase,CX-2641,Alan Miller,1977,Action,One of the nine Atari 2600 launch games
Swordquest: Earthworld,-,CX-2656,Dan Hitchens,1982,"Action; Adventure",
Swordquest: Fireworld,-,CX-2657,Tod Frye,1983,Adventure,
Swordquest: Waterworld,-,CX-2671,Tod Frye,1983,Adventure,Sold via mail-order through Atari Club.
Taz,-,CX-2699,Steve Woita,1983,Action,
Track & Field,-,CX-26125,Seth Lipkin and Jacques Hugon,1983,Sports,Licensed by Konami.
Vanguard,-,CX-2669,Dave Payne,1983,Action,Licensed by SNK
Video Checkers,Checkers,CX-2636,Carol Shaw,1980,Strategy,
Video Chess,Video Chess,CX-2645,"Larry Wagner; Bob Whitehead",1979,Strategy,
Video Olympics,Pong Sports,CX-2621,Joe Decuir,1977,Action,One of the nine Atari 2600 launch games
Video Pinball,Arcade Pinball,CX-2648,Bob Smith,1980,Pinball,
Warlords,Warlords,CX-2610,Carla Meninsky,1981,Action,
Xenophobe,-,CX-26172,,1990,Action,Licensed by Bally Midway
Acid Drop,Dennis Kiss[11],Salu Ltd,1992,Strategy,PAL-only; puzzle game; last game released. Atari 2600s stopped being manufactured,
The Activision Decathlon,Activision (David Crane),Activision,1983,Sports,,
Adventures of Tron,APh Technological Consulting,M Network,1982,Action,,
Airlock,Data Age,Data Age,1982,Action,,
Air Raid,MenAVision,MenAVision,1982,Action,Only 13 copies known to exist[citation needed],
Air Raiders,APh Technological Consulting,M Network,1982,Action,,
Alien,20th Century Fox,20th Century Fox,1982,Action,,
Alien's Return,Gem International Corporation,Home Vision,1983,Action,Primarily a PAL release. Released in NTSC format as E.T Go Home,
Amidar,Parker Brothers,Parker Brothers,1982,Action,licensed by Konami,
Armor Ambush,APh Technological Consulting,M Network,1982,"Action; Racing / Driving",conversion of Intellivision Armor Battle,
Artillery Duel/Chuck Norris Superkicks,Xonox,Xonox,1983,Strategy,double-ended cartridge,
Artillery Duel/Ghost Manor,Xonox,Xonox,1983,Strategy,double-ended cartridge,
Artillery Duel/Spike's Peak,Xonox,Xonox,1983,Strategy,double-ended cartridge,
Artillery Duel,Action Graphics,Xonox,1983,Strategy,,
Assault,Bomb,Bomb,1983,Action,,
Astroblast,APh Technological Consulting,M Network,1982,Action,conversion of Intellivision Astrosmash,
Atlantis,Imagic,Imagic,1982,Action,,
Atlantis II,Imagic,Imagic,1982,Action,,
Bachelor Party,Mystique,PlayAround,1982,"Adult; Action","Originally marketed under the ""Swedish Erotica"" series.",
Bachelorette Party,,PlayAround,1982,"Adult; Action",Released as a 2-in-1 cart with Burning Desire,
Bank Heist,20th Century Fox,20th Century Fox,1983,"Action; Racing / Driving",,
Barnstorming,Activision,Activision,1982,Action,,
Base Attack,Home Vision,Home Vision,1983?,shooter,Original version of Z-Tack,
Beamrider,Cheshire Engineering,Activision,1983,Action,,
Beany Bopper,Sirius Software,20th Century Fox,1982,Action,,
Beat Em and Eat Em,Mystique,PlayAround,1982,"Adult; Action","Originally marketed under the ""Swedish Erotica"" series. First pornographic video game released for the Atari 2600.",
Berenstain Bears,Coleco,Coleco,1983,Educational,Kid Vid Voice Module required to function,
Bermuda,Suntek?,Suntek/Quelle/Rainbow Vision/Hertie,1983,Shooter,Hack of River Raid,
Bermuda Triangle,Data Age,Data Age,1982,Action,,
Birthday Mania,"Tokar; Robert Anthony",Personal Games Company,1984,Action,,
Blue Print,CBS Electronics,CBS Electronics,1983,Action,licensed by Bally Midway,
BMX Airmaster,Sculptured Software,TNT Games,1989,"Action; Sports",,
Bobby Is Going Home,Bit Corporation,CCE,1983,,,
Boing!,First Star Software,First Star Software,1983,Action,,
Boxing,Activision (Bob Whitehead),Activision,1980,Sports,,
Bridge,Activision (Larry Kaplan),Activision,1980,Strategy,,
Buck Rogers: Planet of Zoom,Sega,Sega,1983,Action,,
Bugs,Data Age,Data Age,1982,Action,,
Bumper Bash,Spectravision,Spectravision,1983,Action,,
Bump 'n' Jump,Mattel Electronics,M Network,1983,"Action; Racing / Driving",licensed by Data East USA,
BurgerTime,Mattel Electronics,M Network,1982,Action,licensed by Data East USA,
Burning Desire,,PlayAround,1983,"Adult; Action",Released as a 2-in-1 cart with Bachelorette Party,
Busy Police,,Zellers,1983,,unlicensed reproduction of Keystone Kapers[12],
Cakewalk,CommaVid,CommaVid,1983,Action,,
California Games,Epyx,Epyx,1987,Sports,,
Carnival,Woodside Design Associates,Coleco,1982,Action,,
Cathouse Blues,,PlayAround,1982,Adult,,
Challenge,,Funvision,,,Released in NTSC format by Zellers,
Challenge of Nexar,Sirius Software,Spectravision,1982,Action,,
Chase the Chuck Wagon,TMQ Software,Spectravision,1983,Action,,
Checkers,Activision (Alan Miller),Activision,1980,Strategy,,
China Syndrome,Spectravision,Spectravision,1983,Action,,
Chopper Command,Activision (Bob Whitehead),Activision,1982,Action,,
Chuck Norris Superkicks/Ghost Manor,Xonox,Xonox,1983,Action,double-ended cartridge,
Chuck Norris Superkicks/Spike's Peak,Xonox,Xonox,1983,Action,double-ended cartridge,
Chuck Norris Superkicks,Xonox,Xonox,1983,Action,,
Coconuts,Telesys,Telesys,1982,Action,,
Commando,Imagineering,Activision,1988,Action,licensed by Data East USA,
Commando Raid,James Wickstead Design Associates,U.S. Games,1982,Action,,
Communist Mutants from Space (cassette),Starpath,Starpath,1982,Action,,
Condor Attack,,Ultravision,1983,,,
Confrontation,Answer Software,Answer Software,1983,Strategy,Only originally available directly from Answer Software for a short time.,
Congo Bongo,Sega,Sega,1983,Action,,
Cosmic Ark,Imagic (Rob Fulop),Imagic,1982,Action,,
Cosmic Commuter,Activision,Activision,1984,Action,,
Cosmic Corridor,,Zimag,1983,,NTSC release of Bit Corporation's Space Tunnel,
Cosmic Creeps,Telesys,Telesys,1982,Action,,
Cosmic Free Fire,,Action Hi-Tech,,,PAL-format[13],
Cosmic Swarm,CommaVid,CommaVid,1982,Action,,
Crab Control,,Action Hi-Tech,,,PAL-format[13],
Crackpots,Activision,Activision,1983,Action,,
Crash Dive,20th Century Fox,20th Century Fox,1983,Action,,
Creature Strike,,Home Entertainment Suppliers,1992,Shooter,"Released as part of a ""2 PAK SPECIAL""[14]",
Cross Force,Spectravision,Spectravision,1983,Action,,
Cruise Missile,,Froggo,1987,,Same game as Exocet released by Panda,
Crypts of Chaos,20th Century Fox,20th Century Fox,1982,"Adventure; Role-Playing (RPG)",,
Cubicolor,Rob Fulop,,1982,Strategy,,
Custer's Revenge,Mystique,Mystique,1982,"Adult; Western","Originally marketed under the ""Swedish Erotica"" series. Withdrawn in the state of Oklahoma.[15]",
Dancing Plate,,Bit Corporation,1982,,PAL release,
Dark Cavern,APh Technological Consulting,M Network,1982,,conversion of Intellivision Night Stalker,
Deadly Discs,APh Technological Consulting,Telegames,1983,Action,reissue of M Network's Tron: Deadly Discs,
Deadly Duck,Sirius Software,20th Century Fox,1982,Action,,
Death Trap,Avalon Hill,Avalon Hill,1983,"Action; Strategy",,
Demolition Herby,Telesys,Telesys,1983,Action,,
Demon Attack,Imagic (Rob Fulop),Imagic,1982,Fixed shooter,,
Dice Puzzle,,Panda,1983,,,
Dishaster,Zimag,Zimag,1983,Action,Zimag's NTSC release of Bit Corporation's Dancing Plate,
Dolphin,Activision,Activision,1983,Action,,
Donkey Kong,Imaginative Systems Software,Coleco,1982,Action,"licensed by Nintendo Co.; Ltd; reissued by Atari in 1988 (CX-26143)",
Donkey Kong Junior,Woodside Design Associates,Coleco,1983,Action,"licensed by Nintendo Co.; Ltd; reissued by Atari in 1988 (CX-26144)",
Double Dragon,Imagineering,Activision,1989,Action,licensed by Technōs Japan,
Dragon Treasure,,Zellers,1981,,unlicensed reproduction of Dragonfire[12],
Dragonfire,Imagic (Bob Smith),Imagic,1982,Action,,
Dragonstomper (cassette),Starpath,Starpath,1982,Role-Playing (RPG),,
Dragster,Activision (David Crane),Activision,1980,Racing / Driving,,
Dungeon Master,,Home Entertainment Suppliers,1992,"Action; Adventure","Released as part of a ""2 pak special""[14]",
Earth Dies Screaming,Sirius Software,20th Century Fox,1982,Action,,
Earth Attack,,Zellers,1983,,unlicensed reproduction of Defender[12],
"Eddy Langfinger; der Museumsdieb",,Quelle,1983,Action,PAL release,
Eggomania,James Wickstead Design Associates,U.S. Games,1982,Action,,
Eli's Ladder,Simage,Simage,1982,Educational,,
Encounter at L-5,Data Age,Data Age,1982,Action,,
Enduro,Activision,Activision,1983,Racing / Driving,,
Entombed,Western Technologies,U.S. Games,1983,"Action; Strategy",Researchers going through the game code in the 2010s have been unable to figure out how the game's maze-generating algorithm managed to consistently generate playable mazes. The original coder says he got it from another programmer who wrote it while drunk.,
Escape from the Mindmaster (cassette),Starpath,Starpath,1982,Adventure,,
Espial,Orca Corporation,Tigervision,1984,Action,,
Exocet,Panda,Panda,1983,Action,Same game as Cruise Missile released by Froggo,
Exocet Missile,,John Sands,,,PAL release,
Extra Terrestrials,Herman Quast,Skill Screen Games,1984,Action,,
Fantastic Voyage,Sirius Software,20th Century Fox,1982,Action,,
Farmer Dan,,Zellers,,,unlicensed reproduction of Gopher[12],
Fast Eddie,Sirius Software,20th Century Fox,1982,Action,,
Fast Food,Telesys,Telesys,1982,Action,,
Fathom,Imagic (Rob Fulop),Imagic,1983,Action,,
Fighter Pilot,,Activision,,,PAL release of Tomcat: The F-14 Fighter Simulator,
Final Approach,Apollo,Apollo,1982,"Simulation; Strategy",,
Fireball (cassette),Starpath,Starpath,1982,Action,,
Fire Fighter,Imagic (Brad Stewart),Imagic,1982,Action,,
Fire Fly,Mythicon,Mythicon,1983,Action,,
Fisher Price,,CCE,1983,,"Same game as Aquatak; Sea Hunt and Scuba Diver",
Fishing Derby,Activision (David Crane),Activision,1980,"Action; Sports",,
Flash Gordon,Sirius Software,20th Century Fox,1983,Action,,
Frankenstein's Monster,Data Age,Data Age,1983,Action,,
Freeway,Activision (David Crane),Activision,1981,Action,,
Frogger,APh Technological Consulting,Parker Brothers,1982,Action,,
Frogs and Flies,APh Technological Consulting,M Network,1982,Action,conversion of Intellivision Frog Bog,
The Official Frogger (cassette),Starpath,,1983,Action,,
Frogger II: ThreeeDeep!,Parker Brothers,Parker Brothers,1984,Action,,
Front Line,Individeo,Coleco,1984,Action,licensed by Taito,
Frostbite,Activision,Activision,1983,Action,,
Gamma-Attack,Gammation,Gammation,1983,Action,"Only one copy known to exist. It was listed on eBay for $500;000 but never sold.",
Gangster Alley,Spectravision,Spectravision,1983,Action,,
Gas Hog,Spectravision,Spectravision,1983,Action,,
Gauntlet,Answer Software,Answer Software,1983,Action,,
General Retreat,PlayAround,PlayAround,1983,"Adult; Western","Gender-swapped version of Custer’s Revenge; which never appeared in the US markets. PAL-only.",
Ghostbusters,Activision (David Crane),Activision,1985,Action,,
Ghostbusters II,Activision,Salu Ltd,1990/1992,Action,PAL-only,
Ghost Manor/Spike's Peak,Xonox,Xonox,1983,Action,double-ended cartridge,
Ghost Manor,Xonox,Xonox,1983,Action,,
G.I. Joe: Cobra Strike,Parker Brothers,Parker Brothers,1983,Action,,
Gigolo,,PlayAround,1982,Adult,Released as a 2-in-1 cart with Bachelor Party,
Glacier Patrol,VSS,Telegames,1983,Action,,
Glib,Qualtronic Devices,Selchow and Righter,1983,Strategy,,
Gopher,James Wickstead Design Associates,U.S. Games,1982,Action,,
Gorf,Roklan Corporation,CBS Electronics,1982,Action,licensed by Bally Midway,
Grand Prix,Activision (David Crane),Activision,1982,Racing / Driving,,
Great Escape,Bomb,Bomb,1983,Action,,
Guardian,Apollo,Apollo,1982,Action,,
Gyruss,Roklan Corporation,Parker Brothers,1984,Action,licensed by Konami,
Halloween,VSS,Wizard Video,1983,Action,,
Harbor Escape,,Panda,1983,,,
H.E.R.O.,Activision,Activision,1984,Action,,
I Want My Mommy,Zimag,Zimag,1983,Action,NTSC release of Bit Corporation's Open Sesame,
Ice Hockey,Activision (Alan Miller),Activision,1981,"Action; Sports",,
Inca Gold,,Zellers,1982,,Zeller's NTSC release of Funvision's Inca Gold,
Infiltrate,Apollo,Apollo,1982,"Action; Strategy",,
International Soccer,APh Technological Consulting,M Network,1982,Sports,,
James Bond 007,On Time Software,Parker Brothers,1983,Action,,
Jawbreaker,On-Line Systems,Tigervision,1981,Action,,
Journey Escape,Data Age,Data Age,1982,Action,,
Jungle Fever,PlayAround,PlayAround,1982,"Adult; Action",Released as a 2-in-1 cart with Knight on the Town,
Kaboom!,"Activision (Larry Kaplan; David Crane)",Activision,1981,Action,,
Karate,Ultravision,Ultravision,1982,Action,,
Keystone Kapers,Activision,Activision,1983,Action,,
Killer Satellites (cassette),Starpath,Starpath,1982,Action,,
King Kong,Software Electronics,Tigervision,1982,Action,,
Knight on the Town,,PlayAround,1982,"Adult; Action",Released as a 2-in-1 cart with Jungle Fever,
Kool-Aid Man,Mattel Electronics,M Network,1983,Action,,
Kung-Fu Master,Imagineering,Activision,1987,Action,licensed by Data East USA,
Lady in Wading,PlayAround,PlayAround,1982,"Adult; Action",Released as a 2-in-1 cart with Beat 'Em & Eat 'Em,
Laser Blast,Activision (David Crane),Activision,1981,Action,,
Laser Gates,"Imagic; VentureVision",Imagic,1983,Action,,
Laser Volley,,Zellers,1983,,unlicensed reproduction of Laser Gates[12],
Lochjaw,Apollo,Apollo,1982,Action,Later released by Apollo as Shark Attack,
Lock 'n' Chase,APh Technological Consulting,M Network,1982,Action,licensed by Data East USA.,
London Blitz,Avalon Hill,Avalon Hill,1983,Strategy,,
Lost Luggage,Apollo,Apollo,1982,Action,,
M.A.D.,Western Technologies,U.S. Games,1982,Action,,
MagiCard,CommaVid,CommaVid,1981,,,
Malagai,,Answer Software,1983,Action,,
Mangia,Spectravision,Spectravision,1983,Action,,
Marauder,On-Line Systems,Tigervision,1982,,,
Marine Wars,Digivision,Konami,1983,Action,PAL version released by Gakken.,
M*A*S*H,20th Century Fox,20th Century Fox,1982,Action,,
Master Builder,Spectravision,Spectravision,1983,Action,,
Masters of the Universe: The Power of He-Man,Mattel Electronics,M Network,1983,Action,,
MegaBoy,,Dynacom,1990,Educational,"The cartridge; the only known 64k Atari 2600 game; came with a Brazilian portable console also called Megaboy.[16]",    
Mega Force,20th Century Fox,20th Century Fox,1982,Action,,
Megamania,Activision,Activision,1982,Action,,
Miner 2049er,Big Five Software,Tigervision,1983,Action,,
Miner 2049er II,Big Five Software,Tigervision,1982,Action,,
Mines of Minos,CommaVid,CommaVid,1983,Action,,
Missile Control,,Video Gems,1983,Action,PAL-format[17],
Mission 3000 A.D.,Bit Corporation,Bit Corporation,1983,Action,,
Mission Survive,,Video Gems,1983,Action,PAL-format[17],
Mogul Maniac,Video Soft,Amiga,1983,"Action; Simulation; Sports",,
Montezuma's Revenge: Starring Panama Joe,James Wickstead Design Associates,Parker Brothers,1984,Action,,
Moonsweeper,Imagic (Bob Smith),Imagic,1983,Action,,
Motocross,,Quelle,1983,"Racing / Driving; Sports",,
Motocross Racer,Xonox,Xonox,1984,Racing / Driving,,
Mountain King,VSS,CBS Electronics,1983,Action,,
Mouse Trap,James Wickstead Design Associates,Coleco,1982,Action,licensed by Exidy; reissued by Atari in 1988 (CX-26146),
Mr. Do!,Individeo,Coleco,1983,Action,"licensed by Universal Co.; Ltd.",
Mr. Do's Castle,Parker Brothers,Parker Brothers,1984,Action,"licensed by Universal Co.; Ltd.",
Mr. Postman,,Bit Corporation,1983,,,
The Music Machine,Christian Software Development,"Sparrow; HomeComputer Software",1983,"Action; Educational",,
My Golf,Imagineering (company),HES,1990,,PAL-only,
Name This Game,James Wickstead Design Associates,U.S. Games,1982,Action,,
Nightmare,,Sancho / Tang's Electronic Co.,1983,Action,Panda released this game as Stunt Man,
Night Stalker,M Network,Telegames,1989,Action,PAL release of Dark Cavern,
No Escape!,Imagic,Imagic,1983,Action,,
Nuts,,Technovision,1983,,PAL-only,
Ocean City Defender,,Zellers,,,unlicensed reproduction of Atlantis[12],
Off Your Rocker,Amiga,Amiga,1983,Action,,
Oink!,Activision (Mike Lorenzen),Activision,1983,Action,,
Omega Race,CBS Electronics,CBS Electronics,1983,Action,licensed by Bally Midway,
Open Sesame,Bit Corporation,Bit Corporation,1983,Action,PAL release,
Out of Control,Avalon Hill,Avalon Hill,1983,"Action; Racing / Driving",,
Pac-Kong,,Funvision,1983,Action,A later PAL release of Funvision's Inca Gold,
Panda Chase,,Home Vision,1983,,PAL-only,
Parachute,Gem International Corporation,Home Vision,1983,Action,PAL-only,
Paris Attack,unknown,Starsoft,1982,Action / Shooter,PAL-only,
Party Mix (cassette),Starpath,Starpath,1983,"Action; Racing / Driving",,
Pete Rose Baseball,Imagineering,Absolute Entertainment,1988,Sports,,
Phantom Tank,,Bit Corporation,1983,,PAL release,
Phantom-Panzer,,Quelle,1983,Action,Quelle's PAL release of Bit Corporation's Phantom Tank,
Phaser Patrol (cassette),Starpath,Starpath,1982,Action,,
Philly Flasher,"Mystique; PlayAround",Mystique,1982,"Adult; Action",Released as a 2-in-1 cart with Cathouse Blues,
Pick 'n Pile,Ubisoft,Salu Ltd,1990,Strategy,PAL-only,
Picnic,Western Technologies,U.S. Games,1983,Action,,
Piece o' Cake,Western Technologies,U.S. Games,1983,Action,,
Pinball,,Zellers,,Pinball,unlicensed reproduction of Video Pinball[12],
Piraten-Schiff,,Spectravision,,,PAL release of Gas Hog,
Pitfall!,Activision (David Crane),Activision,1982,Action,,
Pitfall II: Lost Caverns,Activision (David Crane),Activision,1984,Action,,
Planet Patrol,Spectravision,Spectravision,1983,Action,,
Planeten Patrouile,,Spectravision,,,PAL release of Planet Patrol,
Plaque Attack,Activision,Activision,1983,Action,,
Polaris,Tigervision,Tigervision,1982,Action,licensed by Taito,
Pooyan,Konami,Konami,1983,Action,PAL version released by Gakken.,
Popeye,Parker Brothers,Parker Brothers,1983,Action,licensed by Nintendo,
Porky's,"Dunhill Electronic Media; Lazer Microsystems",20th Century Fox,1983,Adventure,,
Pressure Cooker,Activision,Activision,1983,Action,,
Private Eye,Activision (Bob Whitehead),Activision,1983,Action,,
Pyramid War,,S.S.,1983,,PAL release,
Q*bert,James Wickstead Design Associates,Parker Brothers,1983,Action,Reissued by Atari in 1988 (CX-26150),
Q*bert's Qubes,Mylstar Electronics,Parker Brothers,1984,Action,,
Quest for Quintana Roo,VSS,Sunrise,1983,"Action; Adventure",,
Quick Step,Imagic,Imagic,1983,Action,,
Rabbit Transit (cassette),Starpath,Starpath,1983,Action,,
Racquetball,Apollo,Apollo,1981,"Action; Sports",,
Radar,,Zellers,1983,,unlicensed reproduction of Cruise Missile[12],
Raft Rider,Western Technologies,U.S. Games,1983,Action,,
Ram It,Telesys,Telesys,1983,Action,,
Rampage,Bob Polaro,Activision,1989,Action,licensed by Bally Midway.,
Reactor,D. Gottlieb & Co.,Parker Brothers,1982,Action,,
Red Sea Crossing,Steve Schustack,Inspirational Video Concepts,1983,,Only available through mail order from a magazine. 100 copies were apparently produced but only 2 have been found.[18],
Rescue Terra 1,VentureVision,VentureVision,1982,Action,,
Revenge of the Beefsteak Tomatoes,20th Century Fox,20th Century Fox,1983,Action,,
Riddle of the Sphinx,Imagic (Bob Smith),Imagic,1982,"Action; Adventure",,
River Patrol,Orca Corporation,Tigervision,1984,Action,,
River Raid,Activision (Carol Shaw),Activision,1982,Action,,
River Raid II,Imagineering,Activision,1988,Action,,
Robin Hood/Sir Lancelot - The Joust,"Computer Magic; Ltd.",Xonox,1983,Action,double-ended cartridge,
Robin Hood,Xonox,Xonox,1983,Action,,
Robot Commando Raid,,VidTec,1982,,,
Robot Tank,Activision (Alan Miller),Activision,1983,Action,,
Roc'n Rope,Coleco,Coleco,1984,Action,licensed by Konami,
Room of Doom,CommaVid,CommaVid,1982,Action,,
Save Our Ship,,Technovision,1983,,PAL release,
Scuba Diver,,Panda,1983,,,
Sea Hawk,Froggo,Froggo,1988,Action,,
Seahawk,,Sancho (Tang's Electronic Co.),1982,Action,,
Seamonster,,Puzzy / Bit Corporation,1982,Action,,
Seaquest,Activision,Activision,1983,Action,,
Sea Hunt,Froggo,Froggo,1987,Action,Froggo's release of Panda's Scuba Diver,
Shark Attack,,Apollo,1982,,"A re-release of Lochjaw; which has subtle differences",
Shootin' Gallery,Imagic,Imagic,1983,Action,,
Shuttle Orbiter,Avalon Hill,Avalon Hill,1983,"Action; Simulation",,
Sir Lancelot,Xonox,Xonox,1983,Action,,
Skate Boardin': A Radical Adventure,Imagineering,Absolute Entertainment,1987,"Action; Sports",,
Skeet Shoot,Apollo,Apollo,1981,Action,,
Skiing,Activision (Bob Whitehead),Activision,1980,Sports,,
Sky Jinks,Activision (Bob Whitehead),Activision,1982,Racing / Driving,,
Sky Skipper,Parker Brothers,Parker Brothers,1983,Action,,
Smurf: Rescue in Gargamel's Castle,James Wickstead Design Associates,Coleco,1982,Action,,
The Smurfs Save the Day[19],,Coleco,1983,Action,Kid Vid Voice Module required to function,
Snail Against Squirrel,,Bit Corporation,1983,Action,PAL release. Released in NTSC format as Squirrel,
Sneak 'N Peek,James Wickstead Design Associates,U.S. Games,1982,Simulation,,
Solar Fox,CBS Electronics,CBS Electronics,1983,Action,licensed by Bally Midway,
Solar Storm,Imagic,Imagic,1983,Action,,
Sorcerer,Mythicon,Mythicon,1983,Action,,
Space Adventure,,Zellers,1981,,Zellers' release of 20th Century Fox's Flash Gordon,
Space Attack,APh Technological Consulting,M Network,1982,Action,,
Space Canyon,Apollo,Panda,1983,Action,Panda's release of Apollo's Space Cavern,
Space Cavern,Apollo,Apollo,1982,Action,,
Spacechase,Apollo,Apollo,1981,Action,,
Space Grid,,Action Hi-Tech,,,PAL-format[13],
Space Jockey,James Wickstead Design Associates,U.S. Games,1982,Action,,
Spacemaster X-7,Sirius Software,20th Century Fox,1983,"Action; Strategy",,
Space Shuttle: A Journey into Space,Activision,Activision,1983,Simulation,,
Spiderdroid,Froggo,Froggo,1987,Action,Froggo's release of Parker Brothers' Amidar,
Spider Fighter,Activision,Activision,1982,Action,,
Spider-Man,Parker Brothers,Parker Brothers,1982,Action,,
Spider Maze,,K-Tel Vision,1982,,K-Tel Vision's NTSC release of Funvision's Inca Gold,
Spike's Peak,Xonox,Xonox,1983,Action,,
Spitfire Attack,Milton Bradley,Milton Bradley,1983,Action,,
Springer,Orca Corporation,Tigervision,1983,Action,,
Spy Hunter,Sega,Sega,1984,"Action; Racing / Driving",licensed by Bally Midway,
Squeeze Box,James Wickstead Design Associates,U.S. Games,1982,Action,,
Sssnake,Data Age,Data Age,1982,Action,,
Stampede,Activision (Bob Whitehead),Activision,1981,Action,,
Star Fox,Mythicon,Mythicon,1983,Action,,
Stargunner,Telesys,Telesys,1982,Action,,
Starmaster,Activision (Alan Miller),Activision,1982,Action,,
Star Strike,Mattel Electronics,M Network,1982,Action,conversion of Intellivision Star Strike,
Star Trek: Strategic Operations Simulator,Sega,Sega,1983,Action,,
Star Voyager,Imagic (Bob Smith),Imagic,1982,Action,,
Star Wars: The Arcade Game,James Wickstead Design Associates,Parker Brothers,1984,Action,,
Star Wars: Jedi Arena,Parker Brothers,Parker Brothers,1983,Action,,
Star Wars Return of the Jedi: Death Star Battle,Parker Brothers,Parker Brothers,1983,Action,,
Star Wars: The Empire Strikes Back,Parker Brothers,Parker Brothers,1982,Action,,
Steeplechase,,Video Gems,1983,"Action; Sports",PAL-format[17],
Strategy X,Konami,Konami,1983,Action,PAL version released by Gakken.,
Strawberry Shortcake: Musical Match-ups,Parker Brothers,Parker Brothers,1983,Strategy,,
Stronghold,CommaVid,CommaVid,1983,Action,,
Stunt Man,,Panda,1983,Action,Panda's NTSC release of Sancho's Nightmare,
Sub-Scan,Sega,Sega,1983,Strategy,Sega's release of its Deep Scan arcade game,
Subterranea,Imagic,Imagic,1983,Action,,
Suicide Mission (cassette),Starpath,Starpath,1982,Action,,
Summer Games,Epyx,Epyx,1987,"Action; Sports",,
Super Baumeister,,Spectravision,1983,Arcade,PAL release of Master Builder,
Super Challenge Baseball,APh Technological Consulting,M Network,1982,Sports,reissued by Telegames in 1988,
Super Challenge Football,APh Technological Consulting,M Network,1982,Sports,reissued by Telegames in 1988,
Super Cobra,Roklan Corporation,Parker Brothers,1983,Action,licensed by Konami,
Surfer's Paradise: But Danger Below!,,Video Gems,1983,"Action; Sports",PAL-format[17],
Survival Island (cassette),Starpath,Starpath,1983,Adventure,,
Survival Run,Renaissance Technology,Milton Bradley,1983,Action,,
Sword of Saros (cassette),Starpath,Starpath,1983,"Adventure; RPG",,
Tac-Scan,Sega,Sega,1983,Action,,
Tank Brigade,,Panda,1983,,Panda's NTSC release of Bit Corporation's Phantom Tank,
Tank City,,Action Hi-Tech,,,PAL release of Sega's Thunderground,
Tanks But No Tanks,,Zimag,1983,,Zimag's NTSC release of Bit Corporation's Phantom Tank,
Tapeworm,Spectravision,Spectravision,1982,Action,,
Tapper,Beck-Tech,Sega,1984,Action,,
Task Force,,Froggo,1988,,Froggo's release of Spectravision's Gangster Alley,
Tax Avoiders,Dunhill Electronics,American Videogame,1982,Action,,
Tennis,Activision (Alan Miller),Activision,1981,Sports,,
The Texas Chainsaw Massacre,VSS,Wizard Video,1983,Action,,
Threshold,On-Line Systems,Tigervision,1983,Fixed shooter,,
Thunderground,Sega,Sega,1983,Action,,
Time Pilot,Coleco,Coleco,1983,Action,licensed by Konami,
Time Warp,,Zellers,1983,,Zellers' NTSC release of Funvision's Time Warp,
Title Match Pro Wrestling,Imagineering,Absolute Entertainment,1987,Sports,,
Tomarc the Barbarian,Xonox,Xonox,1983,Action,,
Tomcat: The F-14 Fighter Simulator AKA Dan Kitchen's Tomcat: The F-14 Fighter Simulator,Imagineering (Dan Kitchen),Absolute Entertainment,1988,"Action; Simulation",,
Tooth Protectors,DSD,Camelot,1983,Action,Was only available via mail order from Johnson & Johnson,
Towering Inferno,Western Technologies,U.S. Games,1982,Action,,
Treasure Below,,Video Gems,1983,Action,PAL-format[17],
Trick Shot,Imagic,Imagic,1983,Sports,,
Tron: Deadly Discs,APh Technological Consulting,M Network,1982,Action,conversion of Intellivision Tron: Deadly Discs,
Tunnel Runner,CBS Electronics,CBS Electronics,1983,Action,,
Turmoil,Sirius Software,20th Century Fox,1982,Action,,
Tutankham,Parker Brothers,Parker Brothers,1983,Action,licensed by Konami,
Universal Chaos,,Telegames,1983,Action,,
Up'n Down,Sega,Sega,1984,"Action; Racing / Driving",,
Venture,Coleco,Coleco,1982,Action,licensed by Exidy; reissued by Atari in 1988 (CX-26145),
Video Jogger,Exus Corporation,Exus Corporation,1983,Action,,
Video Life,CommaVid,CommaVid,1981,Life Simulation,,
Video Reflex,Exus Corporation,Exus Corporation,1983,Action,,
Vulture Attack,,K-Tel Vision,1982,,K-Tel Vision's release of Ultravision's Condor Attack game program,
Wabbit,Apollo,Apollo,1982,Action,,
Wall Ball,,Avalon Hill,1983,,,
Wall-Defender,Bomb,Bomb,1983,Action,,
War Zone,,Action Hi-Tech,,,PAL release of 20th Century Fox's M*A*S*H,
Warplock,Data Age,Data Age,1982,Action,,
Weltraumtunnel (Space Tunnel),BitCorp,BitCorp - Quelle,1982,Action,"PAL-Release - Quelle-variant is a BitCorp-clone; also known e.g. as Ataque Laser; Innerspace; Laser Volley; Laser Gate; Laser Gates",
Westward Ho,PlayAround,PlayAround,1983,"Adult; Western","PlayAround’s rebrand of Custer’s Revenge; which never appeared in the US markets. PAL-only.",     
Wing War,Imagic,Imagic,1983,Action,PAL-only,
Winter Games,Action Graphics,Epyx,1987,"Action; Sports",,
Wizard of Wor,Roklan Corporation,CBS Electronics,1982,Action,licensed by Bally Midway,
Word Zapper,James Wickstead Design Associates,U.S. Games,1982,Action,,
Worm War I,Sirius Software,20th Century Fox,1982,Shooter,,
X-Man,,Universal Gamex,1983,"Adult; Simulation",Adult-themed game unrelated to the X-Men.[20],
The Year 1999,,Rainbow Vision,1983,Shooter,PAL exclusive,
Z-Tack,Bomb,Bomb,1983,Action,,
Zaxxon,Coleco,Coleco,1982,Action,licensed by Sega,
Zoo Fun,,Suntek,1983,,PAL-only,'